{
  "created_at": "2025-08-22 23:55:14",
  "xgboost_version": "3.0.4",
  "params": {
    "objective": "binary:logistic",
    "eval_metric": [
      "logloss",
      "auc"
    ],
    "eta": 0.1,
    "max_depth": 6,
    "min_child_weight": 1.0,
    "subsample": 0.8,
    "colsample_bytree": 0.8,
    "lambda": 1.0,
    "alpha": 0.0,
    "seed": 42,
    "base_score": 0.5
  },
  "num_boost_round": 300,
  "early_stopping_rounds": 30,
  "best_iteration": 0,
  "best_score": 0.5,
  "feature_order": [
    "hasDevScript",
    "hasKnownDevServer",
    "hasViteConfig",
    "hasNextConfig",
    "hasSvelteConfig",
    "hasNuxtConfig",
    "hasRemixConfig",
    "hasSolidConfig",
    "hasAstroConfig",
    "hasAngularJson",
    "hasWebpackConfig",
    "hasReactDep",
    "hasVueDep",
    "hasAngularDep",
    "hasSvelteKitDep",
    "hasViteDep",
    "hasNextDep",
    "hasNuxtDep",
    "hasAstroDep",
    "hasRemixDep",
    "hasSolidStartDep",
    "hasNodeModulesWithFrontendDeps",
    "htmlAtRoot",
    "htmlAtPublic",
    "htmlLikelyHarness",
    "domSignalReact",
    "domSignalVue",
    "domSignalSvelte",
    "domSignalAngular",
    "domSignalAppDiv",
    "projectNameIntent",
    "backendHeavy",
    "numConfigHints",
    "dirDepth",
    "numHtmlFiles",
    "numTsxJsxFiles",
    "heuristicBaseScore",
    "htmlIntentScore",
    "domIntentScore"
  ],
  "train_pos_rate": 0.5,
  "valid_pos_rate": 0.5,
  "evals_result": {
    "train": {
      "logloss": [
        0.6931471824645996,
        0.6931471824645996,
        0.6931471824645996,
        0.6931471824645996,
        0.6931471824645996,
        0.6931471824645996,
        0.6931471824645996,
        0.6931471824645996,
        0.6931471824645996,
        0.6931471824645996,
        0.6931471824645996,
        0.6931471824645996,
        0.6931471824645996,
        0.6931471824645996,
        0.6931471824645996,
        0.6931471824645996,
        0.6931471824645996,
        0.6931471824645996,
        0.6931471824645996,
        0.6931471824645996,
        0.6931471824645996,
        0.6931471824645996,
        0.6931471824645996,
        0.6931471824645996,
        0.6931471824645996,
        0.6931471824645996,
        0.6931471824645996,
        0.6931471824645996,
        0.6931471824645996,
        0.6931471824645996,
        0.6931471824645996
      ],
      "auc": [
        0.5,
        0.5,
        0.5,
        0.5,
        0.5,
        0.5,
        0.5,
        0.5,
        0.5,
        0.5,
        0.5,
        0.5,
        0.5,
        0.5,
        0.5,
        0.5,
        0.5,
        0.5,
        0.5,
        0.5,
        0.5,
        0.5,
        0.5,
        0.5,
        0.5,
        0.5,
        0.5,
        0.5,
        0.5,
        0.5,
        0.5
      ]
    },
    "valid": {
      "logloss": [
        0.6931471824645996,
        0.6931471824645996,
        0.6931471824645996,
        0.6931471824645996,
        0.6931471824645996,
        0.6931471824645996,
        0.6931471824645996,
        0.6931471824645996,
        0.6931471824645996,
        0.6931471824645996,
        0.6931471824645996,
        0.6931471824645996,
        0.6931471824645996,
        0.6931471824645996,
        0.6931471824645996,
        0.6931471824645996,
        0.6931471824645996,
        0.6931471824645996,
        0.6931471824645996,
        0.6931471824645996,
        0.6931471824645996,
        0.6931471824645996,
        0.6931471824645996,
        0.6931471824645996,
        0.6931471824645996,
        0.6931471824645996,
        0.6931471824645996,
        0.6931471824645996,
        0.6931471824645996,
        0.6931471824645996,
        0.6931471824645996
      ],
      "auc": [
        0.5,
        0.5,
        0.5,
        0.5,
        0.5,
        0.5,
        0.5,
        0.5,
        0.5,
        0.5,
        0.5,
        0.5,
        0.5,
        0.5,
        0.5,
        0.5,
        0.5,
        0.5,
        0.5,
        0.5,
        0.5,
        0.5,
        0.5,
        0.5,
        0.5,
        0.5,
        0.5,
        0.5,
        0.5,
        0.5,
        0.5
      ]
    }
  },
  "paths": {
    "dataset": "C:\\Users\\danni\\ai-suggestions-prototype\\ml_artifacts\\dataset_named.jsonl",
    "feature_order": "C:\\Users\\danni\\ai-suggestions-prototype\\ai-codegen-extension\\ml_artifacts\\feature_order.json",
    "model_out": "C:\\Users\\danni\\ai-suggestions-prototype\\ml_artifacts\\frontend-detector-gbdt.json"
  }
}